Nombre,Activo
James Butt,TRUE
Josephine Darakjy,TRUE
Art Venere,TRUE
Lenna Paprocki,TRUE
Donette Foller,TRUE
Simona Morasca,TRUE
Mitsue Tollner,TRUE
Leota Dilliard,TRUE
Sage Wieser,TRUE
Kris Marrier,TRUE
Minna Amigon,TRUE
Abel Maclead,TRUE
Kiley Caldarera,TRUE
Graciela Ruta,TRUE
Cammy Albares,TRUE
Mattie Poquette,TRUE
Meaghan Garufi,TRUE
Gladys Rim,TRUE
Yuki Whobrey,TRUE
Fletcher Flosi,TRUE
Bette Nicka,TRUE
Veronika Inouye,TRUE
Willard Kolmetz,TRUE
Maryann Royster,TRUE
Alisha Slusarski,TRUE
Allene Iturbide,TRUE
Chanel Caudy,TRUE
Ezekiel Chui,TRUE
Willow Kusko,TRUE
Bernardo Figeroa,TRUE
Ammie Corrio,TRUE
Francine Vocelka,TRUE
Ernie Stenseth,TRUE
Albina Glick,TRUE
Alishia Sergi,TRUE
Solange Shinko,TRUE
Jose Stockham,TRUE
Rozella Ostrosky,TRUE
Valentine Gillian,TRUE
Kati Rulapaugh,TRUE
Youlanda Schemmer,TRUE
Dyan Oldroyd,TRUE
Roxane Campain,TRUE
Lavera Perin,TRUE
Erick Ferencz,TRUE
Fatima Saylors,TRUE
Jina Briddick,TRUE
Kanisha Waycott,TRUE
Emerson Bowley,TRUE
Blair Malet,TRUE
Brock Bolognia,TRUE
Lorrie Nestle,TRUE
Sabra Uyetake,TRUE
Marjory Mastella,TRUE
Karl Klonowski,TRUE
Tonette Wenner,TRUE
Amber Monarrez,TRUE
Shenika Seewald,TRUE
Delmy Ahle,TRUE
Deeanna Juhas,TRUE
Blondell Pugh,TRUE
Jamal Vanausdal,TRUE
Cecily Hollack,TRUE
Carmelina Lindall,TRUE
Maurine Yglesias,TRUE
Tawna Buvens,TRUE
Penney Weight,TRUE
Elly Morocco,TRUE
Ilene Eroman,TRUE
Vallie Mondella,TRUE
Kallie Blackwood,TRUE
Johnetta Abdallah,TRUE
Bobbye Rhym,TRUE
Micaela Rhymes,TRUE
Tamar Hoogland,TRUE
Moon Parlato,TRUE
Laurel Reitler,TRUE
Delisa Crupi,TRUE
Viva Toelkes,TRUE
Elza Lipke,TRUE
Devorah Chickering,TRUE
Timothy Mulqueen,TRUE
Arlette Honeywell,TRUE
Dominque Dickerson,TRUE
Lettie Isenhower,TRUE
Myra Munns,TRUE
Stephaine Barfield,TRUE
Lai Gato,TRUE
Stephen Emigh,TRUE
Tyra Shields,TRUE
Tammara Wardrip,TRUE
Cory Gibes,TRUE
Danica Bruschke,TRUE
Wilda Giguere,TRUE
Elvera Benimadho,TRUE
Carma Vanheusen,TRUE
Malinda Hochard,TRUE
Natalie Fern,TRUE
Lisha Centini,TRUE
Arlene Klusman,TRUE
Alease Buemi,TRUE
Louisa Cronauer,TRUE
Angella Cetta,TRUE
Cyndy Goldammer,TRUE
Rosio Cork,TRUE
Celeste Korando,TRUE
Twana Felger,TRUE
Estrella Samu,TRUE
Donte Kines,TRUE
Tiffiny Steffensmeier,TRUE
Edna Miceli,TRUE
Sue Kownacki,TRUE
Jesusa Shin,TRUE
Rolland Francescon,TRUE
Pamella Schmierer,TRUE
Glory Kulzer,TRUE
Shawna Palaspas,TRUE
Brandon Callaro,TRUE
Scarlet Cartan,TRUE
Oretha Menter,TRUE
Ty Smith,TRUE
Xuan Rochin,TRUE
Lindsey Dilello,TRUE
Devora Perez,TRUE
Herman Demesa,TRUE
Rory Papasergi,TRUE
Talia Riopelle,TRUE
Van Shire,TRUE
Lucina Lary,TRUE
Bok Isaacs,TRUE
Rolande Spickerman,TRUE
Howard Paulas,TRUE
Kimbery Madarang,TRUE
Thurman Manno,TRUE
Becky Mirafuentes,TRUE
Beatriz Corrington,TRUE
Marti Maybury,TRUE
Nieves Gotter,TRUE
Leatha Hagele,TRUE
Valentin Klimek,TRUE
Melissa Wiklund,TRUE
Sheridan Zane,TRUE
Bulah Padilla,TRUE
Audra Kohnert,TRUE
Daren Weirather,TRUE
Fernanda Jillson,TRUE
Gearldine Gellinger,TRUE
Chau Kitzman,TRUE
Theola Frey,TRUE
Cheryl Haroldson,TRUE
Laticia Merced,TRUE
Carissa Batman,TRUE
Lezlie Craghead,TRUE
Ozell Shealy,TRUE
Arminda Parvis,TRUE
Reita Leto,TRUE
Yolando Luczki,TRUE
Lizette Stem,TRUE
Gregoria Pawlowicz,TRUE
Carin Deleo,TRUE
Chantell Maynerich,TRUE
Dierdre Yum,TRUE
Larae Gudroe,TRUE
Latrice Tolfree,TRUE
Kerry Theodorov,TRUE
Dorthy Hidvegi,TRUE
Fannie Lungren,TRUE
Evangelina Radde,TRUE
Novella Degroot,TRUE
Clay Hoa,TRUE
Jennifer Fallick,TRUE
Irma Wolfgramm,TRUE
Eun Coody,TRUE
Sylvia Cousey,TRUE
Nana Wrinkles,TRUE
Layla Springe,TRUE
Joesph Degonia,TRUE
Annabelle Boord,TRUE
Stephaine Vinning,TRUE
Nelida Sawchuk,TRUE
Marguerita Hiatt,TRUE
Carmela Cookey,TRUE
Junita Brideau,TRUE
Claribel Varriano,TRUE
Benton Skursky,TRUE
Hillary Skulski,TRUE
Merilyn Bayless,TRUE
Teri Ennaco,TRUE
Merlyn Lawler,TRUE
Georgene Montezuma,TRUE
Jettie Mconnell,TRUE
Lemuel Latzke,TRUE
Melodie Knipp,TRUE
Candida Corbley,TRUE
Karan Karpin,TRUE
Andra Scheyer,TRUE
Felicidad Poullion,TRUE
Belen Strassner,TRUE
Gracia Melnyk,TRUE
Jolanda Hanafan,TRUE
Barrett Toyama,TRUE
Helga Fredicks,TRUE
Ashlyn Pinilla,TRUE
Fausto Agramonte,TRUE
Ronny Caiafa,TRUE
Marge Limmel,TRUE
Norah Waymire,TRUE
Aliza Baltimore,TRUE
Mozell Pelkowski,TRUE
Viola Bitsuie,TRUE
Franklyn Emard,TRUE
Willodean Konopacki,TRUE
Beckie Silvestrini,TRUE
Rebecka Gesick,TRUE
Frederica Blunk,TRUE
Glen Bartolet,TRUE
Freeman Gochal,TRUE
Vincent Meinerding,TRUE
Rima Bevelacqua,TRUE
Glendora Sarbacher,TRUE
Avery Steier,TRUE
Cristy Lother,TRUE
Nicolette Brossart,TRUE
Tracey Modzelewski,TRUE
Virgina Tegarden,TRUE
Tiera Frankel,TRUE
Alaine Bergesen,TRUE
Earleen Mai,TRUE
Leonida Gobern,TRUE
Ressie Auffrey,TRUE
Justine Mugnolo,TRUE
Eladia Saulter,TRUE
Chaya Malvin,TRUE
Gwenn Suffield,TRUE
Salena Karpel,TRUE
Yoko Fishburne,TRUE
Taryn Moyd,TRUE
Katina Polidori,TRUE
Rickie Plumer,TRUE
Alex Loader,TRUE
Lashon Vizarro,TRUE
Lauran Burnard,TRUE
Ceola Setter,TRUE
My Rantanen,TRUE
Lorrine Worlds,TRUE
Peggie Sturiale,TRUE
Marvel Raymo,TRUE
Daron Dinos,TRUE
An Fritz,TRUE
Portia Stimmel,TRUE
Rhea Aredondo,TRUE
Benedict Sama,TRUE
Alyce Arias,TRUE
Heike Berganza,TRUE
Carey Dopico,TRUE
Dottie Hellickson,TRUE
Deandrea Hughey,TRUE
Kimberlie Duenas,TRUE
Martina Staback,TRUE
Skye Fillingim,TRUE
Jade Farrar,TRUE
Charlene Hamilton,TRUE
Geoffrey Acey,TRUE
Stevie Westerbeck,TRUE
Pamella Fortino,TRUE
Harrison Haufler,TRUE
Johnna Engelberg,TRUE
Buddy Cloney,TRUE
Dalene Riden,TRUE
Jerry Zurcher,TRUE
Haydee Denooyer,TRUE
Joseph Cryer,TRUE
Deonna Kippley,TRUE
Raymon Calvaresi,TRUE
Alecia Bubash,TRUE
Ma Layous,TRUE
Detra Coyier,TRUE
Terrilyn Rodeigues,TRUE
Salome Lacovara,TRUE
Garry Keetch,TRUE
Matthew Neither,TRUE
Theodora Restrepo,TRUE
Noah Kalafatis,TRUE
Carmen Sweigard,TRUE
Lavonda Hengel,TRUE
Junita Stoltzman,TRUE
Herminia Nicolozakes,TRUE
Casie Good,TRUE
Reena Maisto,TRUE
Mirta Mallett,TRUE
Cathrine Pontoriero,TRUE
Filiberto Tawil,TRUE
Raul Upthegrove,TRUE
Sarah Candlish,TRUE
Lucy Treston,TRUE
Judy Aquas,TRUE
Yvonne Tjepkema,TRUE
Kayleigh Lace,TRUE
Felix Hirpara,TRUE
Tresa Sweely,TRUE
Kristeen Turinetti,TRUE
Jenelle Regusters,TRUE
Renea Monterrubio,TRUE
Olive Matuszak,TRUE
Ligia Reiber,TRUE
Christiane Eschberger,TRUE
Goldie Schirpke,TRUE
Loreta Timenez,TRUE
Fabiola Hauenstein,TRUE
Amie Perigo,TRUE
Raina Brachle,TRUE
Erinn Canlas,TRUE
Cherry Lietz,TRUE
Kattie Vonasek,TRUE
Lilli Scriven,TRUE
Whitley Tomasulo,TRUE
Barbra Adkin,TRUE
Hermila Thyberg,TRUE
Jesusita Flister,TRUE
Caitlin Julia,TRUE
Roosevelt Hoffis,TRUE
Helaine Halter,TRUE
Lorean Martabano,TRUE
France Buzick,TRUE
Justine Ferrario,TRUE
Adelina Nabours,TRUE
Derick Dhamer,TRUE
Jerry Dallen,TRUE
Leota Ragel,TRUE
Jutta Amyot,TRUE
Aja Gehrett,TRUE
Kirk Herritt,TRUE
Leonora Mauson,TRUE
Winfred Brucato,TRUE
Tarra Nachor,TRUE
Corinne Loder,TRUE
Dulce Labreche,TRUE
Kate Keneipp,TRUE
Kaitlyn Ogg,TRUE
Sherita Saras,TRUE
Lashawnda Stuer,TRUE
Ernest Syrop,TRUE
Nobuko Halsey,TRUE
Lavonna Wolny,TRUE
Lashaunda Lizama,TRUE
Mariann Bilden,TRUE
Helene Rodenberger,TRUE
Roselle Estell,TRUE
Samira Heintzman,TRUE
Margart Meisel,TRUE
Kristofer Bennick,TRUE
Weldon Acuff,TRUE
Shalon Shadrick,TRUE
Denise Patak,TRUE
Louvenia Beech,TRUE
Audry Yaw,TRUE
Kristel Ehmann,TRUE
Vincenza Zepp,TRUE
Elouise Gwalthney,TRUE
Venita Maillard,TRUE
Kasandra Semidey,TRUE
Xochitl Discipio,TRUE
Maile Linahan,TRUE
Krissy Rauser,TRUE
Pete Dubaldi,TRUE
Linn Paa,TRUE
Paris Wide,TRUE
Wynell Dorshorst,TRUE
Quentin Birkner,TRUE
Regenia Kannady,TRUE
Sheron Louissant,TRUE
Izetta Funnell,TRUE
Rodolfo Butzen,TRUE
Zona Colla,TRUE
Serina Zagen,TRUE
Paz Sahagun,TRUE
Markus Lukasik,TRUE
Jaclyn Bachman,TRUE
Cyril Daufeldt,TRUE
Gayla Schnitzler,TRUE
Erick Nievas,TRUE
Jennie Drymon,TRUE
Mitsue Scipione,TRUE
Ciara Ventura,TRUE
Galen Cantres,TRUE
Truman Feichtner,TRUE
Gail Kitty,TRUE
Dalene Schoeneck,TRUE
Gertude Witten,TRUE
Lizbeth Kohl,TRUE
Glenn Berray,TRUE
Lashandra Klang,TRUE
Lenna Newville,TRUE
Laurel Pagliuca,TRUE
Mireya Frerking,TRUE
Annelle Tagala,TRUE
Dean Ketelsen,TRUE
Levi Munis,TRUE
Sylvie Ryser,TRUE
Sharee Maile,TRUE
Cordelia Storment,TRUE
Mollie Mcdoniel,TRUE
Brett Mccullan,TRUE
Teddy Pedrozo,TRUE
Tasia Andreason,TRUE
Hubert Walthall,TRUE
Arthur Farrow,TRUE
Vilma Berlanga,TRUE
Billye Miro,TRUE
Glenna Slayton,TRUE
Mitzie Hudnall,TRUE
Bernardine Rodefer,TRUE
Staci Schmaltz,TRUE
Nichelle Meteer,TRUE
Janine Rhoden,TRUE
Ettie Hoopengardner,TRUE
Eden Jayson,TRUE
Lynelle Auber,TRUE
Merissa Tomblin,TRUE
Golda Kaniecki,TRUE
Catarina Gleich,TRUE
Virgie Kiel,TRUE
Jolene Ostolaza,TRUE
Keneth Borgman,TRUE
Rikki Nayar,TRUE
Elke Sengbusch,TRUE
Hoa Sarao,TRUE
Trinidad Mcrae,TRUE
Mari Lueckenbach,TRUE
Selma Husser,TRUE
Antione Onofrio,TRUE
Luisa Jurney,TRUE
Clorinda Heimann,TRUE
Dick Wenzinger,TRUE
Ahmed Angalich,TRUE
Iluminada Ohms,TRUE
Joanna Leinenbach,TRUE
Caprice Suell,TRUE
Stephane Myricks,TRUE
Quentin Swayze,TRUE
Annmarie Castros,TRUE
Shonda Greenbush,TRUE
Cecil Lapage,TRUE
Jeanice Claucherty,TRUE
Josphine Villanueva,TRUE
Daniel Perruzza,TRUE
Cassi Wildfong,TRUE
Britt Galam,TRUE
Adell Lipkin,TRUE
Jacqueline Rowling,TRUE
Lonny Weglarz,TRUE
Lonna Diestel,TRUE
Cristal Samara,TRUE
Kenneth Grenet,TRUE
Elli Mclaird,TRUE
Alline Jeanty,TRUE
Sharika Eanes,TRUE
Nu Mcnease,TRUE
Daniela Comnick,TRUE
Cecilia Colaizzo,TRUE
Leslie Threets,TRUE
Nan Koppinger,TRUE
Izetta Dewar,TRUE
Tegan Arceo,TRUE
Ruthann Keener,TRUE
Joni Breland,TRUE
Vi Rentfro,TRUE
Colette Kardas,TRUE
Malcolm Tromblay,TRUE
Ryan Harnos,TRUE
Jess Chaffins,TRUE
Sharen Bourbon,TRUE
Nickolas Juvera,TRUE
Gary Nunlee,TRUE
Diane Devreese,TRUE
Roslyn Chavous,TRUE
Glory Schieler,TRUE
Rasheeda Sayaphon,TRUE
Alpha Palaia,TRUE
Refugia Jacobos,TRUE
Shawnda Yori,TRUE
Mona Delasancha,TRUE
Gilma Liukko,TRUE
Janey Gabisi,TRUE
Lili Paskin,TRUE
Loren Asar,TRUE
Dorothy Chesterfield,TRUE
Gail Similton,TRUE
Catalina Tillotson,TRUE
Lawrence Lorens,TRUE
Carlee Boulter,TRUE
Thaddeus Ankeny,TRUE
Jovita Oles,TRUE
Alesia Hixenbaugh,TRUE
Lai Harabedian,TRUE
Brittni Gillaspie,TRUE
Raylene Kampa,TRUE
Flo Bookamer,TRUE
Jani Biddy,TRUE
Chauncey Motley,TRUE
